"","state.n","year.n","race.n","sex.n","COD","race","sex","state","year","Census_Division","Census_Region","stabbrs","rate.per.100k_lcl","rate.per.100k_med","rate.per.100k_ucl","rate.per.100k_mean"
"1",39,1,0,0,"All other causes","White","Male","Rhode Island",1999,"New England","Northeast","RI",130.081047150278,137.472721143232,145.092038619142,137.591137857896
"2",39,1,0,0,"Cancers","White","Male","Rhode Island",1999,"New England","Northeast","RI",245.127900730095,255.382822885903,265.330164647386,255.340142615859
"3",39,1,0,0,"Cardiovascular","White","Male","Rhode Island",1999,"New England","Northeast","RI",370.821406788095,387.059221657794,402.826981785675,386.935561994435
"4",39,1,0,0,"Communicable","White","Male","Rhode Island",1999,"New England","Northeast","RI",44.8309265629671,49.1066013951446,54.0506952000787,49.2222558031959
"5",39,1,0,0,"Injuries","White","Male","Rhode Island",1999,"New England","Northeast","RI",45.8950428724083,50.1143406885805,54.907400010865,50.224691472626
"6",39,1,0,0,"Non-communicable","White","Male","Rhode Island",1999,"New England","Northeast","RI",112.013753890611,118.37060242896,124.864234958921,118.433899848086
"7",39,1,0,1,"All other causes","White","Female","Rhode Island",1999,"New England","Northeast","RI",94.7298198682812,99.8960434804699,104.933223239123,99.8582541239829
"8",39,1,0,1,"Cancers","White","Female","Rhode Island",1999,"New England","Northeast","RI",169.25795470519,176.401789097283,184.984376365479,176.540828009765
"9",39,1,0,1,"Cardiovascular","White","Female","Rhode Island",1999,"New England","Northeast","RI",246.46640998113,255.236440520026,264.286130383324,255.205152013305
"10",39,1,0,1,"Communicable","White","Female","Rhode Island",1999,"New England","Northeast","RI",31.3009786596176,33.9427479410706,36.8378347946856,33.9782604224851
"11",39,1,0,1,"Injuries","White","Female","Rhode Island",1999,"New England","Northeast","RI",19.0270966184991,21.8778032950771,25.1712898406616,21.9655212680413
"12",39,1,0,1,"Non-communicable","White","Female","Rhode Island",1999,"New England","Northeast","RI",84.3159747294792,88.7219240558953,92.8995955739921,88.7271218849672
"13",39,1,1,0,"All other causes","Black","Male","Rhode Island",1999,"New England","Northeast","RI",124.566636203383,184.369470085652,283.950525554834,191.218106034697
"14",39,1,1,0,"Cancers","Black","Male","Rhode Island",1999,"New England","Northeast","RI",160.106404571812,215.561286993823,296.848346965613,218.520942948456
"15",39,1,1,0,"Cardiovascular","Black","Male","Rhode Island",1999,"New England","Northeast","RI",273.786227143117,369.886742101279,502.579818448936,374.572797182636
"16",39,1,1,0,"Communicable","Black","Male","Rhode Island",1999,"New England","Northeast","RI",79.5650243174961,126.814195227253,221.510566447612,133.01937925643
"17",39,1,1,0,"Injuries","Black","Male","Rhode Island",1999,"New England","Northeast","RI",58.492753034105,79.096535166669,113.047921382987,80.8279741789802
"18",39,1,1,0,"Non-communicable","Black","Male","Rhode Island",1999,"New England","Northeast","RI",117.414882203145,169.591379381885,256.692186988229,174.070116356713
"19",39,1,1,1,"All other causes","Black","Female","Rhode Island",1999,"New England","Northeast","RI",111.71062097519,151.286411134008,213.092544852988,154.270936593428
"20",39,1,1,1,"Cancers","Black","Female","Rhode Island",1999,"New England","Northeast","RI",114.806912488555,144.642988380301,210.015137478894,149.628110102409
"21",39,1,1,1,"Cardiovascular","Black","Female","Rhode Island",1999,"New England","Northeast","RI",230.590315934602,283.470712981645,355.589681956486,287.030825266161
"22",39,1,1,1,"Communicable","Black","Female","Rhode Island",1999,"New England","Northeast","RI",31.9816533616826,46.4629139734965,78.5250256255278,48.3241718384742
"23",39,1,1,1,"Injuries","Black","Female","Rhode Island",1999,"New England","Northeast","RI",17.9777113925527,24.5491167070011,35.2785077781522,24.9931620189547
"24",39,1,1,1,"Non-communicable","Black","Female","Rhode Island",1999,"New England","Northeast","RI",68.6993997304713,96.498165335706,151.085662826707,99.7130779925303
"25",39,2,0,0,"All other causes","White","Male","Rhode Island",2000,"New England","Northeast","RI",132.33345883611,139.151214750775,146.266003673187,139.221111333723
"26",39,2,0,0,"Cancers","White","Male","Rhode Island",2000,"New England","Northeast","RI",244.83454850276,253.340012537854,262.607431493339,253.592927563171
"27",39,2,0,0,"Cardiovascular","White","Male","Rhode Island",2000,"New England","Northeast","RI",371.226783515882,385.356802787134,399.613152280091,385.279169994618
"28",39,2,0,0,"Communicable","White","Male","Rhode Island",2000,"New England","Northeast","RI",46.7409056359348,50.6091027868312,55.0591769222938,50.70578707248
"29",39,2,0,0,"Injuries","White","Male","Rhode Island",2000,"New England","Northeast","RI",46.0813672224678,49.9300180951207,54.0023508872544,50.0204929833635
"30",39,2,0,0,"Non-communicable","White","Male","Rhode Island",2000,"New England","Northeast","RI",113.811904119894,119.115201914666,125.007200351824,119.230789604705
"31",39,2,0,1,"All other causes","White","Female","Rhode Island",2000,"New England","Northeast","RI",97.9564773857299,102.60906631376,107.288673029898,102.582234308327
"32",39,2,0,1,"Cancers","White","Female","Rhode Island",2000,"New England","Northeast","RI",168.275558439215,174.214130729175,181.029613531166,174.328133989314
"33",39,2,0,1,"Cardiovascular","White","Female","Rhode Island",2000,"New England","Northeast","RI",248.521515047478,256.768332503785,265.520286974105,256.885781284726
"34",39,2,0,1,"Communicable","White","Female","Rhode Island",2000,"New England","Northeast","RI",32.1018987179938,34.5816007300825,37.0706502666497,34.5826185885523
"35",39,2,0,1,"Injuries","White","Female","Rhode Island",2000,"New England","Northeast","RI",19.0625716913587,21.8366114412353,24.8689158470826,21.8813274034286
"36",39,2,0,1,"Non-communicable","White","Female","Rhode Island",2000,"New England","Northeast","RI",86.7690970373113,90.4593386930715,94.8285757577683,90.5257619329209
"37",39,2,1,0,"All other causes","Black","Male","Rhode Island",2000,"New England","Northeast","RI",124.941110286847,180.430061240432,273.472056903311,185.945295420993
"38",39,2,1,0,"Cancers","Black","Male","Rhode Island",2000,"New England","Northeast","RI",160.037741086724,213.778466769309,288.989309140115,215.641477306061
"39",39,2,1,0,"Cardiovascular","Black","Male","Rhode Island",2000,"New England","Northeast","RI",262.907411993851,339.247927437835,449.988021740408,345.747076959272
"40",39,2,1,0,"Communicable","Black","Male","Rhode Island",2000,"New England","Northeast","RI",78.5177621681516,119.201050356621,196.318168972548,123.844637786404
"41",39,2,1,0,"Injuries","Black","Male","Rhode Island",2000,"New England","Northeast","RI",57.0583832450937,75.6137537863714,104.925490799715,77.3185181574471
"42",39,2,1,0,"Non-communicable","Black","Male","Rhode Island",2000,"New England","Northeast","RI",115.841637063036,167.681208472014,236.597556872662,171.118401468733
"43",39,2,1,1,"All other causes","Black","Female","Rhode Island",2000,"New England","Northeast","RI",113.580965309867,148.355644128184,199.337684166044,150.124346514717
"44",39,2,1,1,"Cancers","Black","Female","Rhode Island",2000,"New England","Northeast","RI",112.630457930383,143.886090872079,196.560276894496,147.342399928138
"45",39,2,1,1,"Cardiovascular","Black","Female","Rhode Island",2000,"New England","Northeast","RI",224.960835184365,272.038980723832,334.242413124576,274.073010384939
"46",39,2,1,1,"Communicable","Black","Female","Rhode Island",2000,"New England","Northeast","RI",31.4285110787883,45.0106863698152,72.0024843509436,46.4855396373468
"47",39,2,1,1,"Injuries","Black","Female","Rhode Island",2000,"New England","Northeast","RI",17.6762563014144,24.046811419706,33.3976048467244,24.3462914214523
"48",39,2,1,1,"Non-communicable","Black","Female","Rhode Island",2000,"New England","Northeast","RI",67.856698885222,94.628399108163,141.855426065275,97.292146293655
"49",39,3,0,0,"All other causes","White","Male","Rhode Island",2001,"New England","Northeast","RI",135.742046184189,142.091087455481,148.972692225336,142.157116031658
"50",39,3,0,0,"Cancers","White","Male","Rhode Island",2001,"New England","Northeast","RI",242.406512944126,250.614184179918,259.341643531138,250.653882060027
"51",39,3,0,0,"Cardiovascular","White","Male","Rhode Island",2001,"New England","Northeast","RI",364.860712094766,378.301344856055,391.423423933003,378.02358105891
"52",39,3,0,0,"Communicable","White","Male","Rhode Island",2001,"New England","Northeast","RI",44.9329727039531,48.7652301945009,52.8095558160909,48.7845302059133
"53",39,3,0,0,"Injuries","White","Male","Rhode Island",2001,"New England","Northeast","RI",49.0821874271304,52.6023643345684,56.2872943102618,52.650796959522
"54",39,3,0,0,"Non-communicable","White","Male","Rhode Island",2001,"New England","Northeast","RI",113.550180187326,118.511613691822,123.906070623355,118.531917087241
"55",39,3,0,1,"All other causes","White","Female","Rhode Island",2001,"New England","Northeast","RI",101.768976759715,105.84360738134,110.764909170129,105.988366623093
"56",39,3,0,1,"Cancers","White","Female","Rhode Island",2001,"New England","Northeast","RI",165.610174583853,170.973789175117,177.221762762732,171.177855620499
"57",39,3,0,1,"Cardiovascular","White","Female","Rhode Island",2001,"New England","Northeast","RI",245.587550554595,254.105554804848,262.994363394871,254.274386375537
"58",39,3,0,1,"Communicable","White","Female","Rhode Island",2001,"New England","Northeast","RI",31.9655382423884,34.296009834097,36.6649922650098,34.2838097830643
"59",39,3,0,1,"Injuries","White","Female","Rhode Island",2001,"New England","Northeast","RI",19.6368707274745,22.2480923350012,24.9619992418337,22.2522517122037
"60",39,3,0,1,"Non-communicable","White","Female","Rhode Island",2001,"New England","Northeast","RI",87.1077162760823,90.6666215289819,94.242643094553,90.6916521931102
"61",39,3,1,0,"All other causes","Black","Male","Rhode Island",2001,"New England","Northeast","RI",123.691061995605,177.895559338091,250.363433458779,179.848288788083
"62",39,3,1,0,"Cancers","Black","Male","Rhode Island",2001,"New England","Northeast","RI",159.352480473908,209.502386055125,281.028531504428,211.885588536616
"63",39,3,1,0,"Cardiovascular","Black","Male","Rhode Island",2001,"New England","Northeast","RI",254.903068404739,323.045291676312,415.136510884517,327.484003432651
"64",39,3,1,0,"Communicable","Black","Male","Rhode Island",2001,"New England","Northeast","RI",76.7498557902675,113.598830229513,180.327010204947,116.560601641744
"65",39,3,1,0,"Injuries","Black","Male","Rhode Island",2001,"New England","Northeast","RI",55.4587491314173,72.3443823317399,97.478455783474,73.8935685414772
"66",39,3,1,0,"Non-communicable","Black","Male","Rhode Island",2001,"New England","Northeast","RI",117.316887715734,165.309729219924,236.942587512244,167.79499158621
"67",39,3,1,1,"All other causes","Black","Female","Rhode Island",2001,"New England","Northeast","RI",112.353258778485,145.876942052099,184.95801426924,146.293249487541
"68",39,3,1,1,"Cancers","Black","Female","Rhode Island",2001,"New England","Northeast","RI",113.580752078737,143.023689099802,188.20687827603,145.399402824395
"69",39,3,1,1,"Cardiovascular","Black","Female","Rhode Island",2001,"New England","Northeast","RI",221.318842085247,267.355642733583,321.406196850161,268.403844967439
"70",39,3,1,1,"Communicable","Black","Female","Rhode Island",2001,"New England","Northeast","RI",31.6117845751166,43.6718743661892,66.2989155273668,44.8971933873515
"71",39,3,1,1,"Injuries","Black","Female","Rhode Island",2001,"New England","Northeast","RI",17.7205212614106,23.553319856472,32.0097619984061,23.7424135136872
"72",39,3,1,1,"Non-communicable","Black","Female","Rhode Island",2001,"New England","Northeast","RI",68.4181159993028,92.0690808020287,135.684635723083,94.9880581680646
"73",39,4,0,0,"All other causes","White","Male","Rhode Island",2002,"New England","Northeast","RI",137.43874465646,144.112979894606,151.621121642432,144.270771542049
"74",39,4,0,0,"Cancers","White","Male","Rhode Island",2002,"New England","Northeast","RI",239.150613405837,247.307027287041,254.726311866905,247.213805007708
"75",39,4,0,0,"Cardiovascular","White","Male","Rhode Island",2002,"New England","Northeast","RI",351.4534803011,363.685177863393,375.922205459297,363.558555109512
"76",39,4,0,0,"Communicable","White","Male","Rhode Island",2002,"New England","Northeast","RI",44.4894331973563,47.9748512877124,51.6182684902057,47.9641397257773
"77",39,4,0,0,"Injuries","White","Male","Rhode Island",2002,"New England","Northeast","RI",51.0177419561949,54.55918143875,58.1618633842947,54.5077025539745
"78",39,4,0,0,"Non-communicable","White","Male","Rhode Island",2002,"New England","Northeast","RI",113.639689903063,118.856958792928,124.051420143229,118.891909975363
"79",39,4,0,1,"All other causes","White","Female","Rhode Island",2002,"New England","Northeast","RI",106.145874367347,110.800539325708,115.708955551679,110.819356079063
"80",39,4,0,1,"Cancers","White","Female","Rhode Island",2002,"New England","Northeast","RI",163.180305732949,168.78923606212,174.9550700226,168.793905712847
"81",39,4,0,1,"Cardiovascular","White","Female","Rhode Island",2002,"New England","Northeast","RI",241.670799462611,249.105959216044,256.982329824751,249.159795969608
"82",39,4,0,1,"Communicable","White","Female","Rhode Island",2002,"New England","Northeast","RI",31.317302555376,33.4379047021941,35.8343006319235,33.4813261229684
"83",39,4,0,1,"Injuries","White","Female","Rhode Island",2002,"New England","Northeast","RI",20.6253779894539,23.027247899097,25.8575956670899,23.0581915062749
"84",39,4,0,1,"Non-communicable","White","Female","Rhode Island",2002,"New England","Northeast","RI",86.8611462824978,90.6827533772444,94.3130294516805,90.664564977163
"85",39,4,1,0,"All other causes","Black","Male","Rhode Island",2002,"New England","Northeast","RI",125.644521857188,176.459427615784,249.017206147041,178.525917274107
"86",39,4,1,0,"Cancers","Black","Male","Rhode Island",2002,"New England","Northeast","RI",156.347329826278,206.521089259791,272.208483738182,208.656476202343
"87",39,4,1,0,"Cardiovascular","Black","Male","Rhode Island",2002,"New England","Northeast","RI",241.694790418796,304.847903024625,387.643020154489,307.403432129351
"88",39,4,1,0,"Communicable","Black","Male","Rhode Island",2002,"New England","Northeast","RI",71.8858875374579,103.814199171179,154.863533821379,106.583985447338
"89",39,4,1,0,"Injuries","Black","Male","Rhode Island",2002,"New England","Northeast","RI",54.1578164405869,70.5826849729255,93.4149107822991,71.2961992935384
"90",39,4,1,0,"Non-communicable","Black","Male","Rhode Island",2002,"New England","Northeast","RI",117.409831122871,160.816935888664,227.825495734509,164.455884026854
"91",39,4,1,1,"All other causes","Black","Female","Rhode Island",2002,"New England","Northeast","RI",112.517418422697,142.743265909177,177.779667901722,143.837132029438
"92",39,4,1,1,"Cancers","Black","Female","Rhode Island",2002,"New England","Northeast","RI",115.762147613062,141.675735470266,184.268387278695,143.916682466807
"93",39,4,1,1,"Cardiovascular","Black","Female","Rhode Island",2002,"New England","Northeast","RI",220.658439581757,261.475698688911,312.440345928114,263.081882016903
"94",39,4,1,1,"Communicable","Black","Female","Rhode Island",2002,"New England","Northeast","RI",31.4277626904858,41.9243882310795,60.2186150321232,42.5761281073487
"95",39,4,1,1,"Injuries","Black","Female","Rhode Island",2002,"New England","Northeast","RI",17.1614390320069,23.0208235833501,29.552979298928,23.09942097811
"96",39,4,1,1,"Non-communicable","Black","Female","Rhode Island",2002,"New England","Northeast","RI",67.3616139935361,91.5836240784263,132.890236871866,92.9833805106234
"97",39,5,0,0,"All other causes","White","Male","Rhode Island",2003,"New England","Northeast","RI",137.63064067623,143.549125799289,150.092525659789,143.511867978471
"98",39,5,0,0,"Cancers","White","Male","Rhode Island",2003,"New England","Northeast","RI",234.903544563567,242.443814874371,250.692468564305,242.459718050428
"99",39,5,0,0,"Cardiovascular","White","Male","Rhode Island",2003,"New England","Northeast","RI",336.246244498014,347.8896141454,360.122800295222,348.062711690933
"100",39,5,0,0,"Communicable","White","Male","Rhode Island",2003,"New England","Northeast","RI",43.4712204818712,47.1212005398536,50.9293316271883,47.0890936887847
"101",39,5,0,0,"Injuries","White","Male","Rhode Island",2003,"New England","Northeast","RI",54.206970505702,57.7690504523461,61.8949177026253,57.8400735434901
"102",39,5,0,0,"Non-communicable","White","Male","Rhode Island",2003,"New England","Northeast","RI",113.265981179662,118.74617910778,123.751805649866,118.631475545097
"103",39,5,0,1,"All other causes","White","Female","Rhode Island",2003,"New England","Northeast","RI",105.32266727989,109.677697910294,114.47728742529,109.717720089909
"104",39,5,0,1,"Cancers","White","Female","Rhode Island",2003,"New England","Northeast","RI",160.661134986483,166.433908447989,172.360239551734,166.510428181385
"105",39,5,0,1,"Cardiovascular","White","Female","Rhode Island",2003,"New England","Northeast","RI",233.836499712991,241.685614497968,250.369160351417,241.715806740084
"106",39,5,0,1,"Communicable","White","Female","Rhode Island",2003,"New England","Northeast","RI",29.7530613939123,31.9002456269414,34.2207749697493,31.9420908212027
"107",39,5,0,1,"Injuries","White","Female","Rhode Island",2003,"New England","Northeast","RI",22.0188614415873,24.3469663245433,26.7655604049962,24.3464574324313
"108",39,5,0,1,"Non-communicable","White","Female","Rhode Island",2003,"New England","Northeast","RI",86.8044125713997,90.3442737851253,94.1342144566454,90.4056944679771
"109",39,5,1,0,"All other causes","Black","Male","Rhode Island",2003,"New England","Northeast","RI",124.817000812426,170.758852478062,235.147836889964,172.921039241788
"110",39,5,1,0,"Cancers","Black","Male","Rhode Island",2003,"New England","Northeast","RI",153.93429569292,203.717865453057,270.694130762115,205.000115061887
"111",39,5,1,0,"Cardiovascular","Black","Male","Rhode Island",2003,"New England","Northeast","RI",231.988209155954,289.291328790585,359.749385638205,292.061693709974
"112",39,5,1,0,"Communicable","Black","Male","Rhode Island",2003,"New England","Northeast","RI",71.4538283969772,100.854301137721,150.697265568785,103.723007612466
"113",39,5,1,0,"Injuries","Black","Male","Rhode Island",2003,"New England","Northeast","RI",52.0634429361956,67.8796563087711,89.3702217377887,68.52880501793
"114",39,5,1,0,"Non-communicable","Black","Male","Rhode Island",2003,"New England","Northeast","RI",116.634963693488,157.38584424484,219.480237249482,160.774470251477
"115",39,5,1,1,"All other causes","Black","Female","Rhode Island",2003,"New England","Northeast","RI",111.907521797326,141.365735080137,175.271121300022,142.295948331104
"116",39,5,1,1,"Cancers","Black","Female","Rhode Island",2003,"New England","Northeast","RI",112.440888403075,138.337103851224,174.288709234091,139.421881334848
"117",39,5,1,1,"Cardiovascular","Black","Female","Rhode Island",2003,"New England","Northeast","RI",225.921184503966,262.521551317878,311.476044576894,264.147394102349
"118",39,5,1,1,"Communicable","Black","Female","Rhode Island",2003,"New England","Northeast","RI",30.3037028499412,40.212952968173,57.851803018621,41.1000564009759
"119",39,5,1,1,"Injuries","Black","Female","Rhode Island",2003,"New England","Northeast","RI",17.0167924837881,22.6991451543231,28.1774002117516,22.752186781187
"120",39,5,1,1,"Non-communicable","Black","Female","Rhode Island",2003,"New England","Northeast","RI",66.9734287689338,88.7912885698685,123.841303897244,90.458109897106
"121",39,6,0,0,"All other causes","White","Male","Rhode Island",2004,"New England","Northeast","RI",135.321447102432,140.894737973146,147.610108053498,141.108137767922
"122",39,6,0,0,"Cancers","White","Male","Rhode Island",2004,"New England","Northeast","RI",234.111484591083,241.235003179199,249.312138115485,241.337784593691
"123",39,6,0,0,"Cardiovascular","White","Male","Rhode Island",2004,"New England","Northeast","RI",327.447980690536,338.865105072889,350.190135852745,338.854515167597
"124",39,6,0,0,"Communicable","White","Male","Rhode Island",2004,"New England","Northeast","RI",43.3176670060765,47.0040015377549,50.5467802270597,46.9910289119716
"125",39,6,0,0,"Injuries","White","Male","Rhode Island",2004,"New England","Northeast","RI",54.9838910540641,58.7215491885165,62.3557984655625,58.7163289721201
"126",39,6,0,0,"Non-communicable","White","Male","Rhode Island",2004,"New England","Northeast","RI",112.723878621733,117.842852143035,122.724601234506,117.879533594442
"127",39,6,0,1,"All other causes","White","Female","Rhode Island",2004,"New England","Northeast","RI",105.077664899062,109.683354555702,114.20606967807,109.636867682593
"128",39,6,0,1,"Cancers","White","Female","Rhode Island",2004,"New England","Northeast","RI",158.3231154728,163.580137059252,169.247146483821,163.753916591864
"129",39,6,0,1,"Cardiovascular","White","Female","Rhode Island",2004,"New England","Northeast","RI",223.724048575102,231.112386222495,238.862806568113,231.174934085216
"130",39,6,0,1,"Communicable","White","Female","Rhode Island",2004,"New England","Northeast","RI",28.2752164551583,30.5142788204117,32.5874308762703,30.4657839169188
"131",39,6,0,1,"Injuries","White","Female","Rhode Island",2004,"New England","Northeast","RI",21.462453565791,23.7395272116279,26.3096073638915,23.823283820705
"132",39,6,0,1,"Non-communicable","White","Female","Rhode Island",2004,"New England","Northeast","RI",86.0653424398908,89.8255529743591,93.2908697519652,89.7694596488149
"133",39,6,1,0,"All other causes","Black","Male","Rhode Island",2004,"New England","Northeast","RI",122.587886507441,165.426977578759,228.988322286515,167.931058302658
"134",39,6,1,0,"Cancers","Black","Male","Rhode Island",2004,"New England","Northeast","RI",153.283796998725,199.60946621263,260.942034505148,200.942970399599
"135",39,6,1,0,"Cardiovascular","Black","Male","Rhode Island",2004,"New England","Northeast","RI",224.219879238648,279.19286432654,350.007336763699,281.495992056775
"136",39,6,1,0,"Communicable","Black","Male","Rhode Island",2004,"New England","Northeast","RI",69.2576351270589,97.7508252671931,149.288698079943,101.026490956646
"137",39,6,1,0,"Injuries","Black","Male","Rhode Island",2004,"New England","Northeast","RI",50.3660834503581,64.7841771946661,83.2257384818264,65.3763691464233
"138",39,6,1,0,"Non-communicable","Black","Male","Rhode Island",2004,"New England","Northeast","RI",114.495212715637,153.525924511948,212.089945001742,156.360542911321
"139",39,6,1,1,"All other causes","Black","Female","Rhode Island",2004,"New England","Northeast","RI",107.258431447684,135.362203886087,169.26377285328,136.049539267338
"140",39,6,1,1,"Cancers","Black","Female","Rhode Island",2004,"New England","Northeast","RI",114.805903091524,138.77388660694,172.916324853723,139.68930164377
"141",39,6,1,1,"Cardiovascular","Black","Female","Rhode Island",2004,"New England","Northeast","RI",216.381222205286,252.803372675643,297.915934423898,254.23515663674
"142",39,6,1,1,"Communicable","Black","Female","Rhode Island",2004,"New England","Northeast","RI",30.0896722639309,39.9002362235738,58.4800441050639,40.8167917924329
"143",39,6,1,1,"Injuries","Black","Female","Rhode Island",2004,"New England","Northeast","RI",17.1101989196609,22.4264155632225,27.7120979817061,22.5492957232843
"144",39,6,1,1,"Non-communicable","Black","Female","Rhode Island",2004,"New England","Northeast","RI",65.7354856747523,86.6022134847004,121.64511472441,88.4229725381405
"145",39,7,0,0,"All other causes","White","Male","Rhode Island",2005,"New England","Northeast","RI",137.63066395299,144.049334126675,150.7986220344,143.994133869659
"146",39,7,0,0,"Cancers","White","Male","Rhode Island",2005,"New England","Northeast","RI",230.001935598108,238.062205954785,245.276158759937,237.800418804026
"147",39,7,0,0,"Cardiovascular","White","Male","Rhode Island",2005,"New England","Northeast","RI",317.62097017667,328.896678766164,341.274850505565,329.15781234984
"148",39,7,0,0,"Communicable","White","Male","Rhode Island",2005,"New England","Northeast","RI",43.0327091019463,46.6654807003446,50.1954085059687,46.6883486319756
"149",39,7,0,0,"Injuries","White","Male","Rhode Island",2005,"New England","Northeast","RI",57.2910445401695,61.4008857335319,65.2727403622595,61.2979203238906
"150",39,7,0,0,"Non-communicable","White","Male","Rhode Island",2005,"New England","Northeast","RI",112.5373591549,117.210620417074,122.471196774783,117.357076994107
"151",39,7,0,1,"All other causes","White","Female","Rhode Island",2005,"New England","Northeast","RI",109.706050451093,114.282280530608,118.993940260224,114.326426558891
"152",39,7,0,1,"Cancers","White","Female","Rhode Island",2005,"New England","Northeast","RI",154.206223200096,159.652175006354,165.346157798069,159.749076751887
"153",39,7,0,1,"Cardiovascular","White","Female","Rhode Island",2005,"New England","Northeast","RI",221.067314968191,228.578214245234,236.474147400647,228.650588676996
"154",39,7,0,1,"Communicable","White","Female","Rhode Island",2005,"New England","Northeast","RI",28.8996558154327,31.0005991768227,33.0320081338268,30.9601208460367
"155",39,7,0,1,"Injuries","White","Female","Rhode Island",2005,"New England","Northeast","RI",22.6636816141418,25.1426081199953,27.5599798541507,25.1450447404364
"156",39,7,0,1,"Non-communicable","White","Female","Rhode Island",2005,"New England","Northeast","RI",87.40367259231,91.0745563316698,94.8831341740874,91.0962894056234
"157",39,7,1,0,"All other causes","Black","Male","Rhode Island",2005,"New England","Northeast","RI",121.487364759317,158.82013111006,219.0805187973,162.199668455143
"158",39,7,1,0,"Cancers","Black","Male","Rhode Island",2005,"New England","Northeast","RI",150.027728677008,195.76394031344,249.60293990291,196.855026191986
"159",39,7,1,0,"Cardiovascular","Black","Male","Rhode Island",2005,"New England","Northeast","RI",222.370946049519,272.63354834796,338.238837141568,274.745121460495
"160",39,7,1,0,"Communicable","Black","Male","Rhode Island",2005,"New England","Northeast","RI",67.409320074231,94.9459387116127,149.025352614102,97.906371010071
"161",39,7,1,0,"Injuries","Black","Male","Rhode Island",2005,"New England","Northeast","RI",51.1235357209773,64.305803728842,81.9032345939122,64.728966316952
"162",39,7,1,0,"Non-communicable","Black","Male","Rhode Island",2005,"New England","Northeast","RI",111.60177237853,149.477426368177,202.487586049785,151.729836660082
"163",39,7,1,1,"All other causes","Black","Female","Rhode Island",2005,"New England","Northeast","RI",103.104875892621,130.989355425342,161.196070414298,131.483935782059
"164",39,7,1,1,"Cancers","Black","Female","Rhode Island",2005,"New England","Northeast","RI",110.582651131367,134.02009130807,160.819199347908,134.537105059965
"165",39,7,1,1,"Cardiovascular","Black","Female","Rhode Island",2005,"New England","Northeast","RI",195.369447766581,231.740416290613,269.95271938137,232.796670179143
"166",39,7,1,1,"Communicable","Black","Female","Rhode Island",2005,"New England","Northeast","RI",30.063938079726,39.3338892123218,56.3846555638059,40.0575071985006
"167",39,7,1,1,"Injuries","Black","Female","Rhode Island",2005,"New England","Northeast","RI",17.2670295673489,22.5395363482088,28.0977323935808,22.6466685324662
"168",39,7,1,1,"Non-communicable","Black","Female","Rhode Island",2005,"New England","Northeast","RI",64.5883010614027,85.66725614747,116.763073987515,86.6667382539685
"169",39,8,0,0,"All other causes","White","Male","Rhode Island",2006,"New England","Northeast","RI",141.036296086098,147.681105461667,154.698697928546,147.854757636542
"170",39,8,0,0,"Cancers","White","Male","Rhode Island",2006,"New England","Northeast","RI",226.796137377108,234.479220782767,241.59239321885,234.516216237859
"171",39,8,0,0,"Cardiovascular","White","Male","Rhode Island",2006,"New England","Northeast","RI",302.05694895706,312.076634380864,323.006223467082,312.194260644178
"172",39,8,0,0,"Communicable","White","Male","Rhode Island",2006,"New England","Northeast","RI",44.1230618379632,47.7033164598648,51.3715126316499,47.7061395142213
"173",39,8,0,0,"Injuries","White","Male","Rhode Island",2006,"New England","Northeast","RI",63.9672789331388,68.1245440654694,72.332480654444,68.1794450943798
"174",39,8,0,0,"Non-communicable","White","Male","Rhode Island",2006,"New England","Northeast","RI",110.017789621522,114.983780629844,119.79743855138,114.961545725913
"175",39,8,0,1,"All other causes","White","Female","Rhode Island",2006,"New England","Northeast","RI",112.645490082857,117.520823670911,122.420111369933,117.535901582897
"176",39,8,0,1,"Cancers","White","Female","Rhode Island",2006,"New England","Northeast","RI",149.829939302106,155.458257452573,161.04052523548,155.472345534868
"177",39,8,0,1,"Cardiovascular","White","Female","Rhode Island",2006,"New England","Northeast","RI",203.4364610655,210.887085438715,218.538465139612,210.890600242447
"178",39,8,0,1,"Communicable","White","Female","Rhode Island",2006,"New England","Northeast","RI",29.4838637710765,31.5066996490667,33.5776242013682,31.4962463523245
"179",39,8,0,1,"Injuries","White","Female","Rhode Island",2006,"New England","Northeast","RI",24.1348083736073,26.5320072727514,28.9439999244277,26.5402518859695
"180",39,8,0,1,"Non-communicable","White","Female","Rhode Island",2006,"New England","Northeast","RI",85.7700427012793,89.7726668508257,93.2549708004343,89.700351049302
"181",39,8,1,0,"All other causes","Black","Male","Rhode Island",2006,"New England","Northeast","RI",118.479731815205,155.104192662576,216.050971103693,158.393811870481
"182",39,8,1,0,"Cancers","Black","Male","Rhode Island",2006,"New England","Northeast","RI",147.813358960654,192.967445247874,245.840444136282,193.646875367418
"183",39,8,1,0,"Cardiovascular","Black","Male","Rhode Island",2006,"New England","Northeast","RI",204.24271856934,256.373576539012,318.896730610486,258.903700162909
"184",39,8,1,0,"Communicable","Black","Male","Rhode Island",2006,"New England","Northeast","RI",64.0246929853035,91.3460007848499,140.226752726173,93.5133866928765
"185",39,8,1,0,"Injuries","Black","Male","Rhode Island",2006,"New England","Northeast","RI",50.119721522374,63.520163518906,81.8642270939145,64.0658794076975
"186",39,8,1,0,"Non-communicable","Black","Male","Rhode Island",2006,"New England","Northeast","RI",109.282913517206,146.041930895933,195.437898622333,147.350317591663
"187",39,8,1,1,"All other causes","Black","Female","Rhode Island",2006,"New England","Northeast","RI",105.692872188756,129.004968883138,160.131451162032,129.967288314945
"188",39,8,1,1,"Cancers","Black","Female","Rhode Island",2006,"New England","Northeast","RI",104.816602500954,129.279962118706,155.190513550821,129.669324048954
"189",39,8,1,1,"Cardiovascular","Black","Female","Rhode Island",2006,"New England","Northeast","RI",181.377509104777,215.327525115819,251.796969840841,214.982669611036
"190",39,8,1,1,"Communicable","Black","Female","Rhode Island",2006,"New England","Northeast","RI",28.4859952554514,37.8532420608771,51.9409852174441,38.5417600579082
"191",39,8,1,1,"Injuries","Black","Female","Rhode Island",2006,"New England","Northeast","RI",17.3660622179037,22.6359811041991,27.8686435423789,22.6469603078529
"192",39,8,1,1,"Non-communicable","Black","Female","Rhode Island",2006,"New England","Northeast","RI",64.0697318859738,83.0945511241475,111.85712828752,83.912035763306
"193",39,9,0,0,"All other causes","White","Male","Rhode Island",2007,"New England","Northeast","RI",142.349239704788,148.975273670427,156.319624123859,149.007577982819
"194",39,9,0,0,"Cancers","White","Male","Rhode Island",2007,"New England","Northeast","RI",221.617753425618,228.688917368583,236.072026416634,228.819087985469
"195",39,9,0,0,"Cardiovascular","White","Male","Rhode Island",2007,"New England","Northeast","RI",289.748012787306,300.073589481943,310.789050334975,300.077614344021
"196",39,9,0,0,"Communicable","White","Male","Rhode Island",2007,"New England","Northeast","RI",44.752277481187,48.3090947449538,51.6752438268846,48.3152124577983
"197",39,9,0,0,"Injuries","White","Male","Rhode Island",2007,"New England","Northeast","RI",67.3568153191155,71.5023046221973,76.4675123383919,71.6051615727283
"198",39,9,0,0,"Non-communicable","White","Male","Rhode Island",2007,"New England","Northeast","RI",109.359212902329,114.368696241827,119.06927354052,114.201574184541
"199",39,9,0,1,"All other causes","White","Female","Rhode Island",2007,"New England","Northeast","RI",114.836576472197,118.925020324163,123.875172179603,118.981876253638
"200",39,9,0,1,"Cancers","White","Female","Rhode Island",2007,"New England","Northeast","RI",148.563010837012,153.731977012634,159.794748534709,153.816968156477
"201",39,9,0,1,"Cardiovascular","White","Female","Rhode Island",2007,"New England","Northeast","RI",201.879494298071,208.574421790817,215.838538211692,208.604194097539
"202",39,9,0,1,"Communicable","White","Female","Rhode Island",2007,"New England","Northeast","RI",30.1854198473959,32.0520169795358,34.206953186315,32.0995613047619
"203",39,9,0,1,"Injuries","White","Female","Rhode Island",2007,"New England","Northeast","RI",24.9119665200785,27.3302745996443,29.9223129221769,27.3541395031294
"204",39,9,0,1,"Non-communicable","White","Female","Rhode Island",2007,"New England","Northeast","RI",86.6456382715276,90.2660041851045,93.8359760083608,90.1800675633855
"205",39,9,1,0,"All other causes","Black","Male","Rhode Island",2007,"New England","Northeast","RI",117.059422897573,152.758692063294,207.371403911189,155.367932412959
"206",39,9,1,0,"Cancers","Black","Male","Rhode Island",2007,"New England","Northeast","RI",145.141393471125,190.015111448232,236.261009383833,189.865247094977
"207",39,9,1,0,"Cardiovascular","Black","Male","Rhode Island",2007,"New England","Northeast","RI",194.10438865578,245.477542453186,301.874710261072,245.473329803174
"208",39,9,1,0,"Communicable","Black","Male","Rhode Island",2007,"New England","Northeast","RI",60.0626016633044,84.8097512534792,128.048937253351,86.9645919837115
"209",39,9,1,0,"Injuries","Black","Male","Rhode Island",2007,"New England","Northeast","RI",50.8874789664531,63.2412674543292,82.1088369674876,63.8917448062411
"210",39,9,1,0,"Non-communicable","Black","Male","Rhode Island",2007,"New England","Northeast","RI",105.32392518766,141.490088501935,186.800926701718,142.293864308829
"211",39,9,1,1,"All other causes","Black","Female","Rhode Island",2007,"New England","Northeast","RI",95.7664468849694,122.15968927264,152.252624527554,122.521017792379
"212",39,9,1,1,"Cancers","Black","Female","Rhode Island",2007,"New England","Northeast","RI",100.231038187287,125.951662331869,151.320373669742,125.930462798062
"213",39,9,1,1,"Cardiovascular","Black","Female","Rhode Island",2007,"New England","Northeast","RI",170.027665654114,203.283130683813,238.458729913854,203.846813773178
"214",39,9,1,1,"Communicable","Black","Female","Rhode Island",2007,"New England","Northeast","RI",27.3037043816687,36.3497715174628,47.7917926088832,36.7636156301824
"215",39,9,1,1,"Injuries","Black","Female","Rhode Island",2007,"New England","Northeast","RI",16.9394892334691,22.4175768446146,27.5749171830351,22.4906611236989
"216",39,9,1,1,"Non-communicable","Black","Female","Rhode Island",2007,"New England","Northeast","RI",60.9811965082719,80.0621072005139,108.735067327078,81.1001067901794
"217",39,10,0,0,"All other causes","White","Male","Rhode Island",2008,"New England","Northeast","RI",142.157051002605,148.824795338884,155.852606121776,148.81264903093
"218",39,10,0,0,"Cancers","White","Male","Rhode Island",2008,"New England","Northeast","RI",218.30864897613,225.787375057264,233.454862229678,225.752224862039
"219",39,10,0,0,"Cardiovascular","White","Male","Rhode Island",2008,"New England","Northeast","RI",282.156603068649,292.507787990594,303.425262039509,292.627377573062
"220",39,10,0,0,"Communicable","White","Male","Rhode Island",2008,"New England","Northeast","RI",44.8195599358474,48.4703237353027,52.4071036421254,48.5319367980861
"221",39,10,0,0,"Injuries","White","Male","Rhode Island",2008,"New England","Northeast","RI",71.0407715093431,75.3745273527673,80.3208709487037,75.3922967710567
"222",39,10,0,0,"Non-communicable","White","Male","Rhode Island",2008,"New England","Northeast","RI",108.873250459159,113.568089859187,118.112459247594,113.575361017809
"223",39,10,0,1,"All other causes","White","Female","Rhode Island",2008,"New England","Northeast","RI",114.939525426957,119.448961221635,124.479253118561,119.537388250641
"224",39,10,0,1,"Cancers","White","Female","Rhode Island",2008,"New England","Northeast","RI",146.378992382504,151.603488405603,156.914040909269,151.552543629266
"225",39,10,0,1,"Cardiovascular","White","Female","Rhode Island",2008,"New England","Northeast","RI",189.497206973531,195.987851316472,203.231877973661,196.053641919301
"226",39,10,0,1,"Communicable","White","Female","Rhode Island",2008,"New England","Northeast","RI",30.402413813487,32.427842283657,34.6275376840412,32.4642886202961
"227",39,10,0,1,"Injuries","White","Female","Rhode Island",2008,"New England","Northeast","RI",26.6881478666399,29.2284418350631,31.9683432791831,29.2440192184846
"228",39,10,0,1,"Non-communicable","White","Female","Rhode Island",2008,"New England","Northeast","RI",87.4020571219398,90.9053248588226,94.5253260099322,90.8695576834924
"229",39,10,1,0,"All other causes","Black","Male","Rhode Island",2008,"New England","Northeast","RI",112.179074562111,148.335014216413,193.438018343137,149.726889899221
"230",39,10,1,0,"Cancers","Black","Male","Rhode Island",2008,"New England","Northeast","RI",142.336328740105,186.262487945204,233.051318362977,186.519799041792
"231",39,10,1,0,"Cardiovascular","Black","Male","Rhode Island",2008,"New England","Northeast","RI",177.304039174632,232.930108920285,284.482091249376,231.836945393249
"232",39,10,1,0,"Communicable","Black","Male","Rhode Island",2008,"New England","Northeast","RI",57.4492706745736,83.468276047176,124.17654211887,84.9849103272789
"233",39,10,1,0,"Injuries","Black","Male","Rhode Island",2008,"New England","Northeast","RI",50.2326158408505,62.5455399360411,81.0488397287168,63.4049625650702
"234",39,10,1,0,"Non-communicable","Black","Male","Rhode Island",2008,"New England","Northeast","RI",100.531478783329,137.158238869799,178.02631669745,137.191916712823
"235",39,10,1,1,"All other causes","Black","Female","Rhode Island",2008,"New England","Northeast","RI",93.3791973721035,118.442213094445,146.949042830706,119.00542587488
"236",39,10,1,1,"Cancers","Black","Female","Rhode Island",2008,"New England","Northeast","RI",96.3631241345673,121.778468845613,148.422016905523,122.080231873775
"237",39,10,1,1,"Cardiovascular","Black","Female","Rhode Island",2008,"New England","Northeast","RI",162.749411732703,194.76291480264,229.356226974079,194.917580293813
"238",39,10,1,1,"Communicable","Black","Female","Rhode Island",2008,"New England","Northeast","RI",25.7568176589277,35.1998850191786,46.7035518348547,35.5434392197975
"239",39,10,1,1,"Injuries","Black","Female","Rhode Island",2008,"New England","Northeast","RI",17.6416167747068,22.7138855849781,28.3107118468741,22.8077541119363
"240",39,10,1,1,"Non-communicable","Black","Female","Rhode Island",2008,"New England","Northeast","RI",59.3683978720807,79.0089180796855,105.309327360199,79.8252733086696
"241",39,11,0,0,"All other causes","White","Male","Rhode Island",2009,"New England","Northeast","RI",140.971689098984,147.839020289556,154.348009165331,147.779777725409
"242",39,11,0,0,"Cancers","White","Male","Rhode Island",2009,"New England","Northeast","RI",215.645066421125,223.218167331732,230.232023338066,223.199951305127
"243",39,11,0,0,"Cardiovascular","White","Male","Rhode Island",2009,"New England","Northeast","RI",267.272390840829,277.125412595513,287.599395271846,277.119776495191
"244",39,11,0,0,"Communicable","White","Male","Rhode Island",2009,"New England","Northeast","RI",42.7061946955202,45.8582819371468,48.9543817405028,45.8743990692279
"245",39,11,0,0,"Injuries","White","Male","Rhode Island",2009,"New England","Northeast","RI",72.7560366331476,77.3542853921032,82.065138791927,77.4138063660606
"246",39,11,0,0,"Non-communicable","White","Male","Rhode Island",2009,"New England","Northeast","RI",109.644234078183,114.172791567959,119.08465686025,114.246407379872
"247",39,11,0,1,"All other causes","White","Female","Rhode Island",2009,"New England","Northeast","RI",116.459327951485,120.792898696224,125.471705426122,120.780791455573
"248",39,11,0,1,"Cancers","White","Female","Rhode Island",2009,"New England","Northeast","RI",145.333578438231,150.194008316235,155.717551523363,150.29999516558
"249",39,11,0,1,"Cardiovascular","White","Female","Rhode Island",2009,"New England","Northeast","RI",173.45120225462,180.457867733104,187.539897168376,180.454576614754
"250",39,11,0,1,"Communicable","White","Female","Rhode Island",2009,"New England","Northeast","RI",30.2720983237778,32.325185850614,34.4475778734726,32.3278696914148
"251",39,11,0,1,"Injuries","White","Female","Rhode Island",2009,"New England","Northeast","RI",27.1543717562297,29.6931167363866,32.5812795200885,29.6950508446812
"252",39,11,0,1,"Non-communicable","White","Female","Rhode Island",2009,"New England","Northeast","RI",87.0775195896446,90.6335393950808,94.4655766721457,90.6468052554195
"253",39,11,1,0,"All other causes","Black","Male","Rhode Island",2009,"New England","Northeast","RI",106.159209066831,139.36917908446,186.423598667319,141.667407326405
"254",39,11,1,0,"Cancers","Black","Male","Rhode Island",2009,"New England","Northeast","RI",140.077348925171,182.146060815943,227.82799928665,183.34130484309
"255",39,11,1,0,"Cardiovascular","Black","Male","Rhode Island",2009,"New England","Northeast","RI",170.703281355927,220.919468470781,273.258746559165,221.302082778297
"256",39,11,1,0,"Communicable","Black","Male","Rhode Island",2009,"New England","Northeast","RI",53.3573732726043,79.3788013383309,116.631320039504,80.9818216643193
"257",39,11,1,0,"Injuries","Black","Male","Rhode Island",2009,"New England","Northeast","RI",48.7253243358687,61.9378498509578,80.6052746657299,62.8795382272591
"258",39,11,1,0,"Non-communicable","Black","Male","Rhode Island",2009,"New England","Northeast","RI",94.4958741527233,132.86980657966,171.360565362351,132.195946478389
"259",39,11,1,1,"All other causes","Black","Female","Rhode Island",2009,"New England","Northeast","RI",93.2716756938042,118.996810991656,148.388822029058,119.535284362931
"260",39,11,1,1,"Cancers","Black","Female","Rhode Island",2009,"New England","Northeast","RI",91.0380964131749,118.471815680969,146.49368239697,119.021725495266
"261",39,11,1,1,"Cardiovascular","Black","Female","Rhode Island",2009,"New England","Northeast","RI",148.026967677188,179.863093463858,211.954684165574,179.913459433572
"262",39,11,1,1,"Communicable","Black","Female","Rhode Island",2009,"New England","Northeast","RI",26.0632930736032,35.4432821649551,47.8677063099705,36.0912810679158
"263",39,11,1,1,"Injuries","Black","Female","Rhode Island",2009,"New England","Northeast","RI",17.8008167377943,22.7851815294466,28.8814888436216,22.9732133911012
"264",39,11,1,1,"Non-communicable","Black","Female","Rhode Island",2009,"New England","Northeast","RI",58.0968083785161,77.4445729355208,104.269284411016,77.9118077038291
"265",39,12,0,0,"All other causes","White","Male","Rhode Island",2010,"New England","Northeast","RI",146.946332795695,153.2671309844,160.19974212067,153.267228461784
"266",39,12,0,0,"Cancers","White","Male","Rhode Island",2010,"New England","Northeast","RI",213.650299382837,220.683937310888,228.299031484578,220.811882938719
"267",39,12,0,0,"Cardiovascular","White","Male","Rhode Island",2010,"New England","Northeast","RI",256.640392117497,266.105217842909,275.287726695665,265.939175943755
"268",39,12,0,0,"Communicable","White","Male","Rhode Island",2010,"New England","Northeast","RI",41.8798343048864,44.8903338449359,48.2212142447593,44.8982328827564
"269",39,12,0,0,"Injuries","White","Male","Rhode Island",2010,"New England","Northeast","RI",76.4304390628652,81.0973467988867,85.8414391811613,81.1627161442471
"270",39,12,0,0,"Non-communicable","White","Male","Rhode Island",2010,"New England","Northeast","RI",111.299561563728,116.105584711082,121.0102416637,116.111208093811
"271",39,12,0,1,"All other causes","White","Female","Rhode Island",2010,"New England","Northeast","RI",119.380813317968,124.112748689524,129.142258890939,124.099292408678
"272",39,12,0,1,"Cancers","White","Female","Rhode Island",2010,"New England","Northeast","RI",145.523510836082,150.42422028546,155.563921552328,150.430660260686
"273",39,12,0,1,"Cardiovascular","White","Female","Rhode Island",2010,"New England","Northeast","RI",166.442703443489,172.97492744601,179.173789542601,172.987550427031
"274",39,12,0,1,"Communicable","White","Female","Rhode Island",2010,"New England","Northeast","RI",29.5872922690091,31.8519810116796,33.989456032696,31.8729190449149
"275",39,12,0,1,"Injuries","White","Female","Rhode Island",2010,"New England","Northeast","RI",28.169560714929,31.0634832492757,33.8359763571315,31.0624769868082
"276",39,12,0,1,"Non-communicable","White","Female","Rhode Island",2010,"New England","Northeast","RI",86.5582816782143,90.0214145075294,93.4548339756404,89.9806217523673
"277",39,12,1,0,"All other causes","Black","Male","Rhode Island",2010,"New England","Northeast","RI",99.8036375726385,134.329867957463,180.342250932577,136.012441685219
"278",39,12,1,0,"Cancers","Black","Male","Rhode Island",2010,"New England","Northeast","RI",138.00742883508,180.521079273188,226.220109132969,180.489272738571
"279",39,12,1,0,"Cardiovascular","Black","Male","Rhode Island",2010,"New England","Northeast","RI",164.083798089141,212.241571451324,266.20743748922,213.148305811755
"280",39,12,1,0,"Communicable","Black","Male","Rhode Island",2010,"New England","Northeast","RI",51.6430811227712,74.877399850423,108.683701836561,75.9284743577466
"281",39,12,1,0,"Injuries","Black","Male","Rhode Island",2010,"New England","Northeast","RI",48.2467575933349,60.6341174883375,79.3133198740175,61.7166326113877
"282",39,12,1,0,"Non-communicable","Black","Male","Rhode Island",2010,"New England","Northeast","RI",93.3214566957563,129.742319023655,167.113173693223,129.34301692742
"283",39,12,1,1,"All other causes","Black","Female","Rhode Island",2010,"New England","Northeast","RI",94.1405465847347,118.036436729212,145.678110446909,118.601472317534
"284",39,12,1,1,"Cancers","Black","Female","Rhode Island",2010,"New England","Northeast","RI",88.2967990063405,116.470874911223,144.383105556703,116.283241073484
"285",39,12,1,1,"Cardiovascular","Black","Female","Rhode Island",2010,"New England","Northeast","RI",144.807284379064,175.552591282114,205.520923896581,175.204725896446
"286",39,12,1,1,"Communicable","Black","Female","Rhode Island",2010,"New England","Northeast","RI",26.1552312046688,35.1647518961414,48.0880968523887,35.6850470012838
"287",39,12,1,1,"Injuries","Black","Female","Rhode Island",2010,"New England","Northeast","RI",17.8456035355455,22.9153346273007,29.5398566109121,23.1243210272303
"288",39,12,1,1,"Non-communicable","Black","Female","Rhode Island",2010,"New England","Northeast","RI",56.7876914835313,76.7188034182305,104.438666757846,77.1864234425171
"289",39,13,0,0,"All other causes","White","Male","Rhode Island",2011,"New England","Northeast","RI",151.768634027237,158.675068947534,165.576169033436,158.741221294407
"290",39,13,0,0,"Cancers","White","Male","Rhode Island",2011,"New England","Northeast","RI",212.039550235173,219.122115752381,226.167913288048,219.173997605285
"291",39,13,0,0,"Cardiovascular","White","Male","Rhode Island",2011,"New England","Northeast","RI",251.653367763832,261.24281914191,271.013564163046,261.232961410747
"292",39,13,0,0,"Communicable","White","Male","Rhode Island",2011,"New England","Northeast","RI",40.6279261794552,43.8988819922125,47.6860498078807,43.9402141215473
"293",39,13,0,0,"Injuries","White","Male","Rhode Island",2011,"New England","Northeast","RI",76.9016814364136,81.7310670314483,86.6346394277373,81.6900090233356
"294",39,13,0,0,"Non-communicable","White","Male","Rhode Island",2011,"New England","Northeast","RI",109.920660308395,114.704124074555,119.732564668358,114.721405913196
"295",39,13,0,1,"All other causes","White","Female","Rhode Island",2011,"New England","Northeast","RI",122.607703808596,127.470858845271,132.871632523827,127.460474409249
"296",39,13,0,1,"Cancers","White","Female","Rhode Island",2011,"New England","Northeast","RI",142.568529407702,148.061702600838,153.446278699478,148.002724495067
"297",39,13,0,1,"Cardiovascular","White","Female","Rhode Island",2011,"New England","Northeast","RI",165.435546371906,172.043995238416,178.64077003906,171.949216679708
"298",39,13,0,1,"Communicable","White","Female","Rhode Island",2011,"New England","Northeast","RI",29.8881916321852,32.0369808985422,34.1338028838431,32.0439164440429
"299",39,13,0,1,"Injuries","White","Female","Rhode Island",2011,"New England","Northeast","RI",31.1681384089274,34.0062256221808,37.1439676185247,34.0879575173284
"300",39,13,0,1,"Non-communicable","White","Female","Rhode Island",2011,"New England","Northeast","RI",85.0438546542601,88.8224716553361,92.5401252055219,88.8183174283295
"301",39,13,1,0,"All other causes","Black","Male","Rhode Island",2011,"New England","Northeast","RI",96.1772840374671,131.711831746178,177.812640174316,133.1314398617
"302",39,13,1,0,"Cancers","Black","Male","Rhode Island",2011,"New England","Northeast","RI",135.012584295425,178.398903823154,222.782608449789,178.341957716764
"303",39,13,1,0,"Cardiovascular","Black","Male","Rhode Island",2011,"New England","Northeast","RI",158.082851685633,207.163266254175,260.47922864324,207.679687381107
"304",39,13,1,0,"Communicable","Black","Male","Rhode Island",2011,"New England","Northeast","RI",48.1392582797888,71.0584457912787,101.617018609183,72.3316227359967
"305",39,13,1,0,"Injuries","Black","Male","Rhode Island",2011,"New England","Northeast","RI",47.0903846828634,59.6154595751188,77.108156436444,60.7156264119018
"306",39,13,1,0,"Non-communicable","Black","Male","Rhode Island",2011,"New England","Northeast","RI",90.9490611631177,127.232436096474,164.559584298996,126.550419010802
"307",39,13,1,1,"All other causes","Black","Female","Rhode Island",2011,"New England","Northeast","RI",89.1418438264644,114.79891715515,143.582062487783,115.214611693691
"308",39,13,1,1,"Cancers","Black","Female","Rhode Island",2011,"New England","Northeast","RI",82.6882234770307,114.827827658976,141.998163809116,114.085159720102
"309",39,13,1,1,"Cardiovascular","Black","Female","Rhode Island",2011,"New England","Northeast","RI",134.793980395106,166.609650413536,197.487092965187,166.221354773209
"310",39,13,1,1,"Communicable","Black","Female","Rhode Island",2011,"New England","Northeast","RI",24.4784270073884,34.6181412805254,46.981424188456,34.8789391630886
"311",39,13,1,1,"Injuries","Black","Female","Rhode Island",2011,"New England","Northeast","RI",17.8062189195178,23.3227026425269,29.9419406462069,23.5169315891483
"312",39,13,1,1,"Non-communicable","Black","Female","Rhode Island",2011,"New England","Northeast","RI",55.6206311429141,76.0785922703889,104.677110657134,77.2030049933561
"313",39,14,0,0,"All other causes","White","Male","Rhode Island",2012,"New England","Northeast","RI",151.145612272726,158.500113667584,165.458324869728,158.498906682498
"314",39,14,0,0,"Cancers","White","Male","Rhode Island",2012,"New England","Northeast","RI",209.710513200437,217.288136719056,224.895059703904,217.301436372598
"315",39,14,0,0,"Cardiovascular","White","Male","Rhode Island",2012,"New England","Northeast","RI",251.341588441189,261.387507818903,270.864608016931,261.158309929304
"316",39,14,0,0,"Communicable","White","Male","Rhode Island",2012,"New England","Northeast","RI",36.1619113328424,40.0996427003229,43.6558313297133,40.0470118885999
"317",39,14,0,0,"Injuries","White","Male","Rhode Island",2012,"New England","Northeast","RI",80.5601942921094,85.7804507299675,91.5991218088254,85.841795586296
"318",39,14,0,0,"Non-communicable","White","Male","Rhode Island",2012,"New England","Northeast","RI",107.875109263979,112.682193385416,117.851209250619,112.700230059982
"319",39,14,0,1,"All other causes","White","Female","Rhode Island",2012,"New England","Northeast","RI",124.179651658669,129.493236857259,134.34891090223,129.463555335522
"320",39,14,0,1,"Cancers","White","Female","Rhode Island",2012,"New England","Northeast","RI",141.931887597351,147.289211455065,152.588959215569,147.287078444109
"321",39,14,0,1,"Cardiovascular","White","Female","Rhode Island",2012,"New England","Northeast","RI",164.029379593669,170.52291610002,176.84655162013,170.431058423649
"322",39,14,0,1,"Communicable","White","Female","Rhode Island",2012,"New England","Northeast","RI",29.0415365032843,31.1996769704666,33.3250457321092,31.158889476667
"323",39,14,0,1,"Injuries","White","Female","Rhode Island",2012,"New England","Northeast","RI",30.6275146463027,33.7351115906314,36.9824266146124,33.7413390946621
"324",39,14,0,1,"Non-communicable","White","Female","Rhode Island",2012,"New England","Northeast","RI",84.1193689330558,88.0517013458792,92.0324422538325,88.0213683207587
"325",39,14,1,0,"All other causes","Black","Male","Rhode Island",2012,"New England","Northeast","RI",89.0143668013828,128.030744627014,174.835635519318,129.913263100111
"326",39,14,1,0,"Cancers","Black","Male","Rhode Island",2012,"New England","Northeast","RI",132.847733893998,176.318678137081,222.467758216101,176.669668962946
"327",39,14,1,0,"Cardiovascular","Black","Male","Rhode Island",2012,"New England","Northeast","RI",153.352606565907,204.173118984285,258.605947689327,204.00134192235
"328",39,14,1,0,"Communicable","Black","Male","Rhode Island",2012,"New England","Northeast","RI",44.3079571842752,68.5705922854056,97.446124371459,69.6058230909865
"329",39,14,1,0,"Injuries","Black","Male","Rhode Island",2012,"New England","Northeast","RI",46.0627565497268,60.1002367979237,80.347606448353,61.118371098832
"330",39,14,1,0,"Non-communicable","Black","Male","Rhode Island",2012,"New England","Northeast","RI",89.6063028972029,127.051300303165,166.978012870201,127.032003434317
"331",39,14,1,1,"All other causes","Black","Female","Rhode Island",2012,"New England","Northeast","RI",80.1741623771193,106.799176900065,138.52715180486,107.506347453154
"332",39,14,1,1,"Cancers","Black","Female","Rhode Island",2012,"New England","Northeast","RI",77.0654479953101,113.417118711878,143.191713686781,111.93173255026
"333",39,14,1,1,"Cardiovascular","Black","Female","Rhode Island",2012,"New England","Northeast","RI",122.002333830861,157.246470356307,193.835045411999,156.953301801194
"334",39,14,1,1,"Communicable","Black","Female","Rhode Island",2012,"New England","Northeast","RI",22.936306008181,33.0128303245131,45.6267369675943,33.2934365421232
"335",39,14,1,1,"Injuries","Black","Female","Rhode Island",2012,"New England","Northeast","RI",17.7708277551315,23.6480435850813,31.498255211182,23.909291883479
"336",39,14,1,1,"Non-communicable","Black","Female","Rhode Island",2012,"New England","Northeast","RI",55.4361806779951,76.7052456649837,106.858099407996,77.5301505804264
"337",39,15,0,0,"All other causes","White","Male","Rhode Island",2013,"New England","Northeast","RI",158.887571942237,167.014590844438,175.762495897261,167.084789221172
"338",39,15,0,0,"Cancers","White","Male","Rhode Island",2013,"New England","Northeast","RI",208.716460474193,216.983437252753,225.921804997483,217.125568812876
"339",39,15,0,0,"Cardiovascular","White","Male","Rhode Island",2013,"New England","Northeast","RI",246.59249316289,257.499844445394,268.88666498611,257.704472648683
"340",39,15,0,0,"Communicable","White","Male","Rhode Island",2013,"New England","Northeast","RI",35.5085450783166,39.468908178786,43.2638028037765,39.4998788802241
"341",39,15,0,0,"Injuries","White","Male","Rhode Island",2013,"New England","Northeast","RI",84.6757598541896,90.9333567716151,98.3455696232326,91.1710093635916
"342",39,15,0,0,"Non-communicable","White","Male","Rhode Island",2013,"New England","Northeast","RI",106.798664312667,111.787405901997,117.38895900358,111.850769363109
"343",39,15,0,1,"All other causes","White","Female","Rhode Island",2013,"New England","Northeast","RI",124.420420700488,130.430804118454,136.347551280702,130.45710852393
"344",39,15,0,1,"Cancers","White","Female","Rhode Island",2013,"New England","Northeast","RI",144.815171502123,150.433542688624,157.003984817654,150.600157395517
"345",39,15,0,1,"Cardiovascular","White","Female","Rhode Island",2013,"New England","Northeast","RI",161.065751586058,168.590165183368,175.31870901999,168.381962845768
"346",39,15,0,1,"Communicable","White","Female","Rhode Island",2013,"New England","Northeast","RI",27.5280346295161,30.0220613534815,32.5663152472054,30.050473064192
"347",39,15,0,1,"Injuries","White","Female","Rhode Island",2013,"New England","Northeast","RI",29.1457125538798,32.4602016842804,36.0905517536519,32.5141969527972
"348",39,15,0,1,"Non-communicable","White","Female","Rhode Island",2013,"New England","Northeast","RI",84.1814988258766,88.4626538523794,92.8774109988871,88.5075074376222
"349",39,15,1,0,"All other causes","Black","Male","Rhode Island",2013,"New England","Northeast","RI",89.4437193566241,129.781020909543,179.667935498589,131.361700900267
"350",39,15,1,0,"Cancers","Black","Male","Rhode Island",2013,"New England","Northeast","RI",129.173228607735,175.959208438945,225.177834060458,175.728965255472
"351",39,15,1,0,"Cardiovascular","Black","Male","Rhode Island",2013,"New England","Northeast","RI",151.853392887576,202.512278023235,262.109446903813,203.935356307785
"352",39,15,1,0,"Communicable","Black","Male","Rhode Island",2013,"New England","Northeast","RI",43.8871746519288,67.3455494715177,98.4619861359656,68.4293858086317
"353",39,15,1,0,"Injuries","Black","Male","Rhode Island",2013,"New England","Northeast","RI",45.1183198205007,60.5301650065159,82.6137319100398,61.691928523803
"354",39,15,1,0,"Non-communicable","Black","Male","Rhode Island",2013,"New England","Northeast","RI",88.6147175159262,127.692828273144,170.041818180383,127.777392186732
"355",39,15,1,1,"All other causes","Black","Female","Rhode Island",2013,"New England","Northeast","RI",74.2851669721364,104.466297971632,136.287534825737,104.536892273184
"356",39,15,1,1,"Cancers","Black","Female","Rhode Island",2013,"New England","Northeast","RI",77.2395222551002,113.294407943949,144.250032691513,112.777381067397
"357",39,15,1,1,"Cardiovascular","Black","Female","Rhode Island",2013,"New England","Northeast","RI",116.158194988394,153.161198788334,189.314520212706,153.271080943439
"358",39,15,1,1,"Communicable","Black","Female","Rhode Island",2013,"New England","Northeast","RI",22.0793023947587,32.0960184457709,45.0327909703977,32.4836433624989
"359",39,15,1,1,"Injuries","Black","Female","Rhode Island",2013,"New England","Northeast","RI",17.96181252418,23.963815572535,33.3012282157152,24.4172114041206
"360",39,15,1,1,"Non-communicable","Black","Female","Rhode Island",2013,"New England","Northeast","RI",54.2549175680698,77.3912960539028,109.87001035015,78.3853618476519
